comment,random,label,individual,75%,50%,25%,10%,5%
It was awesome,Artist,Music,Music,Music,useless,useless,useless,useless
Supper songs brother,Music,Music,Music,Artist,Artist,useless,Music,Music
love you talha,useless,Artist,Artist,Artist,Artist,Artist,useless,Artist
"this is not a song . this is some thing unique with different vibe like poetry or ghazal. the voice, music and what a lyrics. unimaginable . listened 100+ time every time this song has a different thing",Artist,Music,Music,Music,Music,Music,Music,Music
speechless,Music,Music,Music,Music,useless,useless,useless,useless
great job!!!,Artist,Music,Music,Music,Music,useless,useless,useless
Madina yad agaya,Music,useless,useless,useless,useless,useless,useless,useless
"Alisha g has sung so much good songs 
Underrated Ô∏èÔ∏èÔ∏èÔ∏è",useless,Artist,Artist,Artist,Artist,Music,Music,Music
what my waat rat fat gaiaaaaüáßüá©,Music,useless,useless,useless,useless,useless,useless,useless
Raaaaa,Music,useless,useless,useless,useless,useless,useless,useless
"I like this song , be happy yaar",useless,Music,Music,Music,Music,useless,Music,Music
Big fan sir,useless,Artist,Artist,Artist,Artist,useless,useless,useless
This album is only treat for old bohemia fans Ô∏è King of desi hip hop,useless,Music,useless,useless,useless,Artist,Artist,Artist
bhai,Music,useless,useless,useless,useless,useless,useless,useless
Wow kaifi just more than amazing,useless,Artist,Artist,Artist,Artist,Artist,useless,useless
3 like ha Bhi,useless,useless,useless,useless,useless,useless,useless,useless
My Bestfriend favourite song,useless,Music,useless,useless,Music,useless,Music,Music
Dil se dil tak,Artist,useless,useless,useless,Artist,Artist,Artist,Artist
listening everyday..this is magical,useless,Music,Music,Music,Artist,Artist,Music,useless
Love from India mera bhai love you,Artist,useless,Artist,Artist,Artist,useless,useless,useless
Raja hrzai,Music,useless,useless,useless,useless,useless,useless,Music
"Atif Aslam, DJ chetas & Asees kaur",Music,useless,Artist,Artist,Artist,Artist,Artist,Artist
Just awesome,Music,Music,Music,Music,useless,useless,useless,useless
My favourite song you,Music,Music,Artist,Music,Music,useless,Music,Music
It takes me back to my childhood when it was sung by a famous musician. What a great kalam ever,useless,Music,useless,Music,Music,Music,useless,Music
"Ali sethi bhai wah, u r an amazing artist. Me apno k marne pe bi nai roya. Ye song sun k ankhain num ho gain hain.",Music,Artist,Artist,Artist,Artist,useless,Music,Artist
Yrr just give some credits to umair yrr what a production,useless,Artist,Artist,Artist,Music,Artist,Artist,Artist
I like the video,useless,Music,useless,useless,useless,useless,useless,useless
Excellent Asim!!!,Artist,Artist,Artist,Artist,Artist,Artist,useless,useless
Old days are gone,useless,useless,useless,useless,useless,useless,useless,useless
Zella Neck,Music,useless,useless,useless,Artist,useless,useless,Artist
@lm,useless,useless,useless,useless,useless,useless,useless,useless
This song 10\1000000000000,useless,useless,useless,useless,Music,useless,Music,Music
Best Song,useless,Music,Music,Music,Music,Music,Music,Music
Can't believe k esi masterpiece  album pe views nahi aa rahey. Ab tak to 1million har song pe ho jana chaiye tha jis level ki album hai,useless,Music,useless,Music,useless,Music,Music,Artist
Always bring tears to my eyes beautiful track,useless,Music,Music,Music,Music,Music,Music,Music
Best sing,Music,Music,Music,Artist,Artist,Artist,Music,Music
Jan love hugya,Artist,Music,useless,useless,useless,useless,useless,useless
GODDDD!!!! What a sooothinggg beautifulll banger,useless,Music,Music,Music,Music,Music,Music,useless
"Dope music, beautiful voice",Music,Music,useless,Music,useless,Music,Music,Music
Love songs,useless,Music,Music,Music,Music,useless,Music,Music
I am speechless many best wishes to each one of you sukoon team keep rocking keep singing keep shining,useless,Artist,Artist,Artist,Artist,Artist,Music,Music
BEMATLAB WILL TREND INSHALLAH,Artist,Music,useless,useless,useless,Music,useless,useless
Gajab  hai,Artist,Music,Music,useless,Artist,Artist,useless,Artist
So personal for me every word of this song,useless,Music,Music,Music,Music,Music,Music,Music
India power,Music,useless,useless,useless,useless,useless,useless,useless
I LUV IT,useless,Music,Music,Music,useless,useless,useless,useless
Yar kaya song hai,useless,useless,Music,Music,Artist,Artist,Artist,Artist
Sidhe whatsapp msg received karne k bad aaye hai yaha someone sent me a quote clip with this song &first time i have listen this masterpiece amazing,useless,Music,Music,Music,Music,Music,Music,useless
bohemia Dz,Music,useless,useless,useless,useless,Artist,Artist,Artist
I love you paji,useless,Artist,Artist,Artist,Artist,useless,useless,Artist
Hard songs,Artist,Music,Music,Music,Music,Music,Music,Music
Your representation of Pakistan on the global stage is truly exceptional. Your talent and dedication have set a remarkable example for others to follow. Thank you for being an outstanding ambassador for our country.,useless,Artist,Artist,Artist,Artist,Artist,Artist,Artist
MashaAllah so nice Ô∏è,Music,Music,Music,Music,Music,Music,useless,Music
M the father of all listeners who unlike this song,Music,useless,useless,useless,Music,useless,Music,Music
Memories of 2014,Artist,useless,useless,useless,useless,useless,useless,useless
Omggg wow‚Ä¶.,useless,Music,useless,Music,useless,useless,useless,useless
If you are here in 2024 then you have good taste of music,Music,Music,useless,useless,useless,useless,Music,useless
Nothing hits harder than 90's and 00's song's nostalgia.,Music,Music,useless,Music,Music,Music,Music,Music
Downers at dusk listener think this is new song,Artist,useless,useless,useless,Artist,useless,Music,Music
aby kya purany gny upload kraha h,Artist,useless,useless,useless,useless,useless,useless,useless
U say ?,useless,useless,useless,useless,useless,useless,useless,useless
This song,useless,useless,useless,Music,Music,useless,Music,Music
"SADLY the only thing nice about this is Ali Zafar's voice. 

Everything else was just annoying  noise.",Music,Artist,Artist,Artist,Artist,Artist,Artist,Music
Amazing my favourite track,useless,Music,Music,Music,Music,Music,Music,Music
Is that earbud in his ear?,Music,useless,useless,useless,useless,useless,useless,useless
waah bhaeee kyaaa gaana banaaya houu,Artist,Music,Music,Music,useless,Music,useless,useless
Bruh i just lost my mom and dadbut also  am living the fuc*** life without mom and dad,useless,useless,useless,useless,useless,Music,useless,useless
By listeming this song i feel my childhood memories,useless,Music,Music,Music,useless,Music,Music,Music
"Listened to this song on Radio, Walkman, Music stereo , CD player, PC, MP3 player, IPod, laptop, Home theater etc etc",Music,useless,useless,useless,Music,useless,Music,Music
love u sir,useless,Artist,Artist,Artist,Artist,useless,useless,Artist
Bhaiiii kia banda hai yawrr yehhh,Music,useless,Artist,Artist,useless,useless,Artist,Artist
This is Beauty <3,useless,Music,Music,Music,Music,useless,useless,useless
DHH mai ys se bada koi nhi hai bhai,useless,useless,Artist,Artist,Artist,Artist,Artist,Artist
"Wah Great Vice, I Love Coke Studio",Artist,Artist,Artist,Artist,Artist,Artist,Artist,useless
JJ Sir LYSM,Music,Artist,Artist,Artist,useless,useless,useless,Artist
Wah,Artist,useless,useless,useless,Artist,useless,useless,useless
Love from india,useless,useless,useless,useless,useless,useless,useless,useless
Best song on whole planet so far,Artist,Music,Music,Music,Music,Music,Music,Music
My best qehwally,Music,Music,useless,useless,useless,useless,useless,useless
Only 277 views in 2 days,Music,useless,useless,useless,useless,useless,useless,useless
An awesome song,useless,Music,Music,Music,Music,Music,Music,Music
‡¶ó‡¶æ‡¶®‡¶ü‡¶ø ‡¶Ö‡¶®‡ßá‡¶ï ‡¶∏‡ßÅ‡¶®‡ßç‡¶¶‡¶∞ ‡¶π‡ßü‡ßá‡¶õ‡ßá,Music,useless,Music,Music,useless,useless,useless,useless
Paaji kya baat hai,Artist,useless,Artist,Artist,Artist,Artist,Artist,Artist
Just written by pain,Artist,Music,Artist,useless,useless,Music,useless,useless
Bro singer tu op a bas lyrics thoray behtar hotay tu song acha ho sakta tha,useless,Artist,Artist,Artist,Artist,Music,Music,useless
kia baat ha,Artist,useless,useless,useless,useless,useless,useless,useless
"Kong
Faris Shafi
Lyrics 
About 
Comments 
1

10

See upcoming rap shows
Get tickets for your favorite artists
Kong Lyrics
[Verse 1]
Aao suno mere aqwaal-e-zareen
It's the incredible janty sabhi, hain Faris Shafi
Malik ne mujhko takat jo di hai, sadiq ameen
Baki sare kameenay
Sat on a scene in the sand of the beach in Cyprus
Watch me tan with your bitch Zainab, I can pass you the dick
The plan is plan B your man is angry I might just adjust
A little adjustment, a lyrical upset
Mere dil me dard hai, seer may dard hai
Mu pe to sary mere jigry bante ha
How's zinger burger? khalen! ab nigal ly isko
Aur nikalen idhar se apni shakal na dikhayi
Khasma nu khayi, sadkan dy pai, charas alay pai
Faris on the mic, like Rockstar Rapstar
Rehpta na khaalai, actress-actra (etcetera) hein wi tu bhenchod rukte ni bank roll
Bhootni ke thokun, jo quat ha hai m–µry andar
Chuhffnad a flow like a jaadugarsan
Lahore to London, habibi shukran, hut fati ah thes–µ hoes need to learn manners
Respect my flow, itna flow hai ki


 
 Bryant Barnes 'I‚Äôd Rather Pretend' Official Lyrics & Meaning | Genius Verified

[Refrain]
Ispaghol (ispaghol)
Can‚Äôt control if the shit I spit
Can‚Äôt control if the shit I spit
Yo, itna flow hai ki, Ispaghol (ispaghol)
Can‚Äôt control if the shit I spit
Yo, itna flow hai ki, Ispaghol (ispaghol)
Can‚Äôt control if the shit I spit
Can‚Äôt control if the shit I spit
'Cause I'm the mighty King Kong

[Chorus]
Mic pakraein I sing songs
Chai pilaen, it might take long
Chai pilaen, it might take long
Because
I‚Äòm the mighty King Kong
Mic pakraein I sing songs
Chai pilaen, it might take long
Psychotherapy is on

[Verse 2]
Take a look at me now
Motherfuckers I‚Äôm top on the game
And it‚Äôs a lot of the same shit, take a look at the crowd
Mein ne khaana hai pulao, mujhe khana khilao
Thoda palak paneer, aao aapko banana khilau
Aajao beta sabke banana hilao
Aao may apko gaanay banana sikhaun
Puray Pakistan me main naaray lagaun
Apne bare may bataun tumhe, main hu psycho
Mujhko mic do, puray five thousand rupees ki Vicodon or Valium khai toh
Meethe ka mood hua cake ki slice do
Seedhy mu gal ni ho rahi bhai jaan
Sharab peekay hawai jahaz mat udayi jao
Meri he ghalti ha, masti my fault trust me I know, jahaz is all I see

[Chorus]
I‚Äòm the mighty King Kong
Mic pakraein I sing songs
Chai pilaen, it might take long
Oh, psychotherapy is on
Ah, see your jealousy gone wrong
Mein yahan pe mehfooz
Main yahan pe mahzooz, dude
Main yahan pe mehdood
Because I‚Äòm the mighty King Kong
Mic pakraein I sing songs
Chai pilaen, it might take long
Chai pilaen, it might take long
Because I‚Äòm the mighty King Kong
Mic pakraein I sing songs
Chai pilaen, it might take long
Chai pilaen, it might take long

[Verse 3]
But I‚Äôm back once again
With the ill behavior, single ladies I‚Äôm here to save ya
Sexy ladies, I‚Äôm here to shave your legs
Sexy ladies, meri red Mercedes ka mein tax nahi deta
Text me later I don‚Äôt text you back 'cuz I don‚Äôt text at all
I make music to inspire fucking lecture halls, I got students
Asking me questions all the time
Faris bhai how do you write these rhymes, Sahir Ludhianvi aur Vital Signs
Main murshad aapka payen
Zahir hai firing hai taday payen

[Outro]
Aao suno mere aqwaal-e-zareen
It's the incredible janty sabhi hain Faris Shafi
Malik ne mujhko takat jo di hai, saadiq ameen
Baki sare kameenay
Sat on a scene in the sand of the beach in Cyprus
[?]
Jo mujhy sunein mery jigri banday
[?]
(Ispaghol, can‚Äôt control if the shit I spit, can‚Äôt control if the shit I spit)
(Ispaghol, can‚Äôt control if the shit I spit)
(Ispaghol, can‚Äôt control if the shit I-)",Artist,useless,useless,useless,useless,useless,useless,Music
Favorite instrumental anthem !,useless,Music,Music,Music,Music,Music,Music,Music
Adnan Bhai,useless,useless,Artist,Artist,Artist,Artist,useless,useless
To listen this song back to life a pleasure era,Music,Music,useless,Music,Music,Music,Music,Music
"Love you pakistan tonüáµüá∞üáµüá∞
Naice
#fanijuttdaskewala",useless,useless,useless,useless,useless,useless,Artist,Artist
Kya lekha hai pajii ney  rongte khde Ô∏èÔ∏è,useless,Artist,Artist,Artist,useless,Artist,Artist,Artist
Bilal bhai bhagwan aapko bahot lambi Umar deÔ∏è,Artist,Artist,Artist,Artist,Artist,Artist,Artist,useless
Thhu hai maine tujhe pyaar kia!,Music,useless,useless,useless,Artist,Artist,Artist,Artist
any buddy listnes 2020 April,useless,useless,useless,useless,useless,useless,useless,useless
What a new voice waooo best,useless,Artist,Artist,Artist,Artist,Music,Music,Music
"Feb 16,2023 
11:23 pm
San jose ca",useless,useless,useless,useless,useless,useless,useless,useless
7 comments only ?,useless,useless,useless,useless,useless,useless,useless,useless
"Beautiful work, Arooj. You transcend the beautiful.",Artist,Artist,Artist,Artist,Artist,Artist,useless,Music
Luv frm india dnt cum india again if anybody calls also b a Legend even yu have a self respect,useless,useless,useless,useless,useless,useless,useless,useless
Legend!,useless,Artist,Artist,Artist,Artist,useless,useless,useless
Xt,Music,useless,useless,useless,useless,useless,useless,useless
"ŸÅÿßÿµŸÑŸà⁄∫ ⁄©Ÿà ÿ™⁄©ŸÑŸÅ €Å€í €ÅŸÖ ÿ≥€í ÿß⁄Øÿ±
€ÅŸÖ ÿ®⁄æ€å ÿ®€í ÿ®ÿ≥ ŸÜ€Å€å⁄∫ ÿå ÿ®€í ÿ≥€Åÿßÿ±ÿß ŸÜ€Å€å⁄∫
Faslon Ko Takalluf Hai Humse Agar
Hum Bhi Bebas Nahi Be Sahara Nahi

ÿÆŸàÿØ ÿßŸèŸÜ⁄æ€å ⁄©Ÿà ŸæŸè⁄©ÿßÿ±€å⁄∫ ⁄Ø€í €ÅŸÖ ÿØŸèŸàÿ± ÿ≥€í
ÿ±ÿßÿ≥ÿ™€í ŸÖ€å⁄∫ ÿß⁄Øÿ± Ÿæÿßÿ§⁄∫ ÿ™⁄æ⁄© ÿ¨ÿßÿ¶€å⁄∫ ⁄Ø€í
Khud Unhi Ko Pukarei√±ge Hum Door Se
Raste Mei√± Agar Paao√± Thak Jayei√±ge

 

€ÅŸÖ ŸÖÿØ€åŸÜ€í ŸÖ€å⁄∫ ÿ™ŸÜ€Åÿß ŸÜ⁄©ŸÑ ÿ¨ÿßÿ¶€å⁄∫ ⁄Ø€í
ÿßŸàÿ± ⁄ØŸÑ€åŸà⁄∫ ŸÖ€å⁄∫ ŸÇÿµÿØÿß ÿ®⁄æŸπ⁄© ÿ¨ÿßÿ¶€å⁄∫ ⁄Ø€í
Hum Madine Mein Tanha Nikal Jayei√±ge
Aur Galiyo√± Mein Qasdan Bhatak Jayei√±ge

€ÅŸÖ Ÿà€Åÿß⁄∫ ÿ¨ÿß ⁄©€í ŸàÿßŸæÿ≥ ŸÜ€Å€å⁄∫ ÿ¢ÿ¶€å⁄∫ ⁄Ø€í
⁄à⁄æŸàŸÜ⁄àÿ™€í ⁄à⁄æŸàŸÜ⁄àÿ™€í ŸÑŸà⁄Ø ÿ™⁄æ⁄© ÿ¨ÿßÿ¶€å⁄∫ ⁄Ø€í
Hum Waha√± Jaake Wapis Nahi Aaye√±ge
Dhoo√±dte Dhoo√±dte Log Thak Jayei√±ge

 

ÿ¨€åÿ≥€í €Å€å ÿ≥ÿ®ÿ≤ ⁄ØŸÜÿ®ÿØ ŸÜÿ∏ÿ± ÿ¢ÿ¶€í ⁄Øÿß
ÿ®ŸÜÿØ⁄Ø€å ⁄©ÿß ŸÇÿ±€åŸÜ€Å ÿ®ÿØŸÑ ÿ¨ÿßÿ¶€í ⁄Øÿß
Jaise Hi Sabz Gumbad Nazar Aayega
Bandagi Ka Qareenah Badal Jayega

ÿ≥ÿ± ÿ¨Ÿè⁄æ⁄©ÿßŸÜ€í ⁄©€å ŸÅŸèÿ±ÿµÿ™ ŸÖŸÑ€í ⁄Ø€å ⁄©Ÿêÿ≥€í
ÿÆŸèŸàÿØ €Å€å ŸæŸÑ⁄©Ÿà⁄∫ ÿ≥€í ÿ≥ÿ¨ÿØ€í ŸπŸæ⁄© ÿ¨ÿßÿ¶€å⁄∫ ⁄Ø€í
Sar Jhukane Ki Fursat Milegi Kise
Khood Hi Palko√± Se Sajde Tapak Jayei√±ge

 

ŸÜÿßŸÖŸê ÿ¢ŸÇÿß ÿ¨€Åÿß⁄∫ ÿ®⁄æ€å ŸÑ€åÿß ÿ¨ÿßÿ¶€í ⁄Øÿß
ÿ∞⁄©ÿ± ÿßŸèŸÜ ⁄©ÿß ÿ¨€Åÿß⁄∫ ÿ®⁄æ€å ⁄©€åÿß ÿ¨ÿßÿ¶€í ⁄Øÿß
Naam Un Ka Jahan Bhi Liya Jayega
Zikr Un Ka Jaha√± Bhi Kiya Jayega

ŸÜŸèŸàÿ± €Å€å ŸÜŸèŸàÿ± ÿ≥€åŸÜŸà⁄∫ ŸÖ€å⁄∫ ÿ®⁄æÿ± ÿ¨ÿßÿ¶€í ⁄Øÿß
ÿ≥ÿßÿ±€å ŸÖÿ≠ŸÅŸÑ ŸÖ€å⁄∫ ÿ¨ŸÑŸà€í ŸÑŸæ⁄© ÿ¨ÿßÿ¶€å⁄∫ ⁄Ø€í
Noor Hi Noor Seeno√± Mein Bhar Jayega
Sari Mahfil Mein Jalwe Lapak Jayei√±ge

 

ÿß€í ŸÖÿØ€åŸÜ€í ⁄©€í ÿ≤ÿßÿ¶ÿ± ÿÆŸèÿØÿß ⁄©€í ŸÑ€å€í
ÿØÿßÿ≥ÿ™ÿßŸÜŸê ÿ≥ŸÅÿ± ŸÖŸèÿ¨⁄æ ⁄©Ÿà €åŸà⁄∫ ŸÖÿ™ ÿ≥ŸèŸÜÿß
Ai Madine Ke Zaair Khuda Ke Liye
Dastan e Safar Mujh Ko Yu√± Mat Suna

ÿ®ÿßÿ™ ÿ®⁄ë⁄æ ÿ¨ÿßÿ¶€í ⁄Ø€å ÿå ÿØŸÑ ÿ™⁄ëŸæ ÿ¨ÿßÿ¶€í ⁄Øÿß
ŸÖ€åÿ±€í ŸÖÿ≠ÿ™ÿßÿ∑ ÿ¢ŸÜÿ≥ŸèŸà ⁄Ü⁄æŸÑ⁄© ÿ¨ÿßÿ¶€å⁄∫ ⁄Ø€í
Baat Badh Jayegi Dil Tadap Jayega
Mere Mohtaat Aa√±su Jhalak Jayei√±ge

 

ÿßŸèŸÜ ⁄©€å ⁄Üÿ¥ŸÖŸê ⁄©ÿ±ŸÖ ⁄©Ÿà €Å€í ÿßÿ≥ ⁄©€å ÿÆÿ®ÿ±
⁄©ÿ≥ ŸÖŸèÿ≥ÿßŸÅÿ± ⁄©Ÿà €Å€í ⁄©ÿ™ŸÜÿß ÿ¥ŸàŸÇŸê ÿ≥ŸÅÿ±
Unki Chashm-e Karam Ko Hai Is Ki Khabar
Kis Musafir Ko Hai Kitna Shauq-e Safar

€ÅŸÖ ⁄©Ÿà ÿßŸÇÿ®ÿßŸÑ ÿ¨ÿ® ÿ®⁄æ€å ÿßÿ¨ÿßÿ≤ÿ™ ŸÖŸÑ€å
€ÅŸÖ ÿ®⁄æ€å ÿ¢ŸÇÿß ⁄©€í ÿØÿ±ÿ®ÿßÿ± ÿ™⁄© ÿ¨ÿßÿ¶€å⁄∫ ⁄Ø€í
Hum Ko Iqbal Jab Bhi Ijaazat Mili
Hum Bhi Aaqa Ke Darbar Tak Jayei√±ge

 

ŸÅÿßÿµŸÑŸà⁄∫ ⁄©Ÿà ÿ™⁄©ŸÑŸÅ €Å€í €ÅŸÖ ÿ≥€í ÿß⁄Øÿ±
€ÅŸÖ ÿ®⁄æ€å ÿ®€í ÿ®ÿ≥ ŸÜ€Å€å⁄∫ ÿå ÿ®€í ÿ≥€Åÿßÿ±ÿß ŸÜ€Å€å⁄∫
Faslon Ko Takalluf Hai Humse Agar
Hum Bhi Bebas Nahi Be Sahara Nahi

ÿÆŸàÿØ ÿßŸèŸÜ⁄æ€å ⁄©Ÿà ŸæŸè⁄©ÿßÿ±€å⁄∫ ⁄Ø€í €ÅŸÖ ÿØŸèŸàÿ± ÿ≥€í
ÿ±ÿßÿ≥ÿ™€í ŸÖ€å⁄∫ ÿß⁄Øÿ± Ÿæÿßÿ§⁄∫ ÿ™⁄æ⁄© ÿ¨ÿßÿ¶€å⁄∫ ⁄Ø€í
Khud Unhi Ko Pukarei√±ge Hum Door Se
Raste Mei√± Agar Paao√± Thak Jayei√±ge",useless,useless,useless,useless,useless,Music,Artist,useless
I love this naat,Music,Music,Music,Music,useless,useless,useless,useless
soft? perfection hitting the boundary.,Artist,Music,Music,Music,Music,Music,useless,useless
Kon is gane ko abhi bhi sunta hai,useless,useless,useless,Artist,useless,useless,Artist,Artist
Raza koi tod ni,Artist,useless,useless,useless,useless,useless,useless,Artist
"OMGGG! 4 months ago, I found The Original WADA NA TOD by Lata ji via the movie ‚ÄúSalaam bombay‚Äù where a kid was singing this song in a scene which was very catchy, since then the Original song has been in my playlist and now you released your version of the song. I‚Äôm so happy about this, can‚Äôt express my excitement!!! This is surely going to be my favorite song.",Artist,Music,useless,Music,useless,Music,Music,Music
Wow,useless,Music,useless,useless,useless,useless,useless,useless
"Rakkhi nishani chupayi teri, pucho na mujhse kahani meri ...best",useless,Music,Music,Music,Music,Music,Artist,useless
Finally the OG yunus is back,Music,Artist,Artist,Artist,Artist,Artist,useless,Artist
Poochho na mujhse kahani meri,useless,useless,useless,useless,Artist,Music,Artist,Artist
Asim Azhar,useless,useless,Artist,Artist,Artist,Artist,useless,Music
Bohemia ko b lo.rap k liye,Artist,useless,Artist,Artist,Artist,Artist,Artist,Artist
"Guys, I'm gonna meet her today. Wish me luck",useless,useless,useless,useless,useless,useless,useless,useless
Shifa toxic hai,useless,useless,useless,useless,useless,useless,useless,Music
Wah wah,useless,Music,Artist,useless,useless,useless,useless,useless
Please release another version without Moor ! Wasn‚Äôt the track for her,useless,useless,Artist,Artist,Artist,Artist,Music,Music
Lanat hai Bilal,useless,useless,Artist,Artist,Artist,Artist,Artist,Artist
I am big fan  for u,useless,Artist,Artist,Artist,Artist,useless,useless,useless
Seen this movie 5 years back. Heroine ke liye dekha tha. Gaana achha hai. Story kuch nahi simple,Artist,Music,Music,Music,Music,useless,Artist,Artist
Here come the waterworks....brilliant score.,Artist,useless,Music,Music,Music,Music,Music,Music
PAAJI ALBUM 2020 Ô∏è,Artist,useless,useless,useless,useless,Artist,Music,useless
Great ... Love from Sialkot,Artist,Music,useless,useless,useless,useless,useless,useless
"IN THIS SONG , U CAN SEE HOW RAJA DO WORDS PLAY   Great lyrics REAL GOAT",useless,Artist,useless,useless,useless,useless,Music,Music
The depth of voice and emotion is so HEART TOUCHING. Beautifully sung by Aima Begh.,useless,Artist,Artist,Artist,Artist,Artist,useless,Music
LOVE YOU BOHEMIA FROM INDIA üáÆüá≥ YOUR BIGGEST FAN HEREÔ∏è,Music,Artist,Artist,Artist,useless,Artist,Artist,Artist
"Talha Goat  
Love respect from Pakistan üáµüá∞ Punjab üáµüá∞",Artist,Artist,Artist,useless,Artist,Artist,useless,Artist
What a stupid song,useless,Music,Music,Music,Music,useless,Music,Music
Listen from Bangladesh,Artist,useless,useless,useless,Music,Music,useless,useless
love this song very inspirational :),Artist,Music,Music,Music,Music,Music,Music,Music
"Ali sethi is true gem 
Love from india",Artist,Artist,Artist,Artist,useless,useless,useless,useless
This song is toooo short,useless,Music,useless,Music,Music,useless,Music,Music
"The best verse in my opinion. Jade naal se tu, har haal se tu. This killed me.  Too much depth in those words.",Artist,Music,Music,Music,Music,Music,Music,Music
No comments on this masterpiece  ?,useless,useless,useless,Music,Music,Music,useless,useless
"(Date:7.may.thu.2020 time:11:23am)
Listening .....",useless,useless,useless,useless,useless,useless,useless,useless
Uffffff  memorable song,Artist,Music,Music,Music,Music,useless,Music,Music
I like that song,useless,Music,Music,Music,Music,useless,Music,Music
"Chalo jldi nhi aram se 
Kaamyaabi ko nazar lagti Der nhi lagti
Hosla rakho apne aap pe
Yeh pyaar mil raha hai india ke rajasthan se",useless,useless,useless,useless,useless,useless,Artist,useless
"Real Talk! 

This isn't rap, it's poetry of his life",useless,Music,Artist,Music,Music,useless,Music,Music
JJ47,useless,useless,useless,useless,useless,useless,useless,useless
11 45 24th Apr 2024,Music,useless,useless,useless,useless,useless,useless,useless
Love you Adnan Dhool from Germany. . May Allahmia blesses with more,useless,Artist,Artist,Artist,Artist,Artist,Artist,useless
I will comment on 23rd,useless,useless,useless,useless,useless,useless,useless,useless
Magical Voice..,Music,Artist,Artist,Artist,Artist,Music,Music,useless
Masterpiece,Artist,Music,Music,Music,Music,Music,useless,useless
Hit songÔ∏è paaa jii Ô∏è Love uuu SooÔ∏è much Rab rakhaa (Cali Carter here)Ô∏èÔ∏è,useless,Music,Artist,Music,Artist,Music,Artist,Artist
I listen this song 100+ time,Music,useless,Music,Music,Music,Music,Music,Music
Koi lota do wo samay 2009 ka jab school Jane ke time pe a song sunte the TV pe,Artist,Music,useless,useless,useless,useless,Artist,Artist
Next level Ô∏è,useless,Music,Music,useless,useless,useless,useless,useless
3:12 so powerful .. so empowering to bring forward new talent...  üáµüá∞,useless,Music,useless,useless,useless,useless,useless,useless
H ke baad I nahi sidha Jü´°,useless,useless,useless,useless,useless,Artist,useless,Music
To tere liye kya kuchh kar ni sakta 0:47,useless,useless,useless,useless,useless,useless,Artist,Artist
Kk r koi tv,useless,useless,useless,useless,useless,useless,useless,Artist
Me,useless,useless,useless,useless,useless,useless,useless,useless
Fv  song,useless,Music,useless,useless,useless,useless,Music,Music
3 years ago  but still 2024 remembers me of her being mine,Music,useless,useless,Music,useless,Music,useless,useless
Beautiful,Music,Music,Music,Music,Music,useless,useless,useless
Aaj bhi yaad h,Artist,useless,useless,useless,useless,useless,useless,useless
Khalil's saabb lyrics plus Atif's vocalss awesome combination,useless,Artist,Artist,Artist,Artist,Music,Music,Artist
"Balochi bhi add h wah maza agya 
allah hairan khana thaiyan 
yo yo honey pajiii love you ho gya",useless,Artist,useless,useless,useless,useless,useless,Artist
Kaifi khalil fan from Bangladesh the üáßüá©,Music,Artist,Artist,Artist,Artist,Artist,useless,useless
Ô∏è      such a magical voice,Artist,Artist,Artist,Artist,Artist,Music,Music,Music
Sidhu  love from Pakistan,useless,Artist,Artist,Artist,Artist,Artist,useless,useless
OMG ASIM KA ENGLISH X URDU/PUNJABI REMIX KINDA VIBEü•πü•πü•π,Music,Artist,Music,Music,Music,Artist,Artist,Artist
I love this songle,useless,Music,useless,useless,Music,Music,Music,useless
Mashallah ap bahut peyara gate ho,useless,Artist,Artist,Artist,Music,useless,useless,Music
Use Google translator in case you need translation. OG Will remain OG. Don't try to fk with it,Artist,useless,useless,useless,useless,useless,useless,useless
I really like this song,useless,Music,Music,Music,Music,Music,Music,Music
jovhi hojaye restart karo,useless,useless,useless,useless,useless,useless,Artist,Artist
Ohh marvelous singing both off you,Music,Artist,Artist,Artist,Artist,Artist,Music,Music
set my soul on fire......amazing ...song,Music,Music,Music,Music,Music,Music,Music,Music
"Provided to YouTube by The Orchard Enterprises

Secrets ¬∑ Talha Anjum ¬∑ Umair ¬∑ Talha Anjum Rasheed ¬∑ Muhammad Umair Tahir

Open Letter

‚Ñó 2024 Mass Appeal/Talha Anjum

Released on: 2024-02-18

Producer: Umair

Auto-generated by YouTube. 
Samajh jao na yar",Artist,useless,useless,useless,useless,useless,useless,Artist
Bohemia great Bai love from veins,useless,Artist,Artist,Artist,Artist,Artist,Artist,Artist
This song  will take you to the different galaxy,Artist,Music,Music,Music,Music,useless,Music,Music
What a song and what a voice,Artist,Music,Artist,Artist,Artist,Music,Music,Music
POETRY,Music,useless,useless,useless,Music,Music,useless,Music
"‡§ú‡•à‡§∏‡•á ‡§§‡•Å‡§ù‡•á ‡§Ü‡§§‡•á ‡§π‡•à‡§Ç, ‡§® ‡§Ü‡§®‡•á ‡§ï‡•á ‡§¨‡§π‡§æ‡§®‡•á
‡§ê‡§∏‡•á ‡§π‡•Ä ‡§ï‡§ø‡§∏‡•Ä ‡§∞‡•ã‡•õ ‡§® ‡§ú‡§æ‡§®‡•á ‡§ï‡•á ‡§≤‡§ø‡§Ø‡•á ‡§Ü",useless,useless,useless,useless,useless,useless,useless,useless
"Asim bhai
Chorhain ye songs dafa krain duniya daari
Deen ki taraf ayien itni pyari Awaaz ha naat parhain yarÔ∏è",useless,Artist,Artist,Artist,useless,Artist,Artist,Artist
"""I am ‡•ê Ô∏è ‡•ê icon""",Artist,useless,useless,useless,useless,useless,useless,useless
Fav,useless,Music,useless,useless,useless,useless,useless,useless
L9ve you Ô∏è,Artist,useless,useless,Artist,useless,useless,useless,useless
My best friend √±andini madiha Miss you Ô∏è Love you Ô∏è the same day and Love you Ô∏è And love to have a beautiful  madiha Miss you,useless,useless,useless,useless,useless,Artist,Artist,useless
This song is verv beautiful .I fell very 2:54,Music,Music,Music,useless,Music,Music,Music,Music
you are a good singing star,Music,Artist,Artist,Artist,Artist,Artist,Music,Music
Nice song,Artist,Music,Music,Music,Music,useless,Music,Music
nice song,Music,Music,Music,Music,Music,useless,Music,Music
1:55,Music,useless,useless,useless,useless,useless,useless,useless
I don't know how many times I have listened to this naat,Music,useless,Music,Music,Music,Music,Music,useless
Pubg is the best from all games,Artist,useless,useless,useless,useless,useless,useless,Music
Raje tera Sath abhi bi ni chora still listening Ô∏è 5.3.2024,useless,useless,useless,useless,useless,useless,Artist,Artist
"Ye sunkr bhot saari yaadein aankhon ke saamne aakr theher gyi,bachpan me jab school prayer hoti thi then I used to wait for this,tb bs iski melody psnd thi, aaj jb iske mtlb ko samjha h tb aur khin zyada psnd h...it used yo be my fav part of school morning  prayers...& I'm really missing  those unforgettable days",useless,Music,Music,Music,Music,useless,useless,Music
BEMATLAB IS FIRE,useless,Music,Music,useless,useless,Artist,useless,useless
I Love You Talha,useless,Artist,Artist,Artist,Artist,Artist,useless,Artist
Thank you kavish,Artist,Artist,Artist,Artist,Artist,useless,useless,useless
"Assalamualaikum...
Thanks for this Ali (without music)",Artist,useless,Artist,useless,Artist,Artist,useless,useless
I thought first hook me aap ho,useless,useless,useless,useless,useless,useless,useless,useless
Wtf just 12 comments .,useless,useless,useless,useless,useless,useless,useless,useless
"Raati aya si khayal lang gae kinnay saal
Par hoi nae majaal kivain puchaan tera haal",useless,useless,useless,useless,useless,useless,Artist,Artist
It's my favorite naat and it's beautiful voice  really,useless,Music,Artist,Artist,Music,Music,Music,Music
We want Talhah Yunus album now,Artist,useless,Artist,Artist,Artist,Artist,useless,Artist
Reupload nhi hai bhai youtube music hai auto generated,Music,useless,useless,useless,Music,useless,Music,Artist
Goosebumps after thousand thoughts,useless,Music,Music,Music,Music,Music,useless,Music
2015 to 2023,Artist,useless,useless,useless,useless,useless,useless,useless
Beautiful voice,Music,Artist,Artist,Artist,Artist,Music,Music,Music
Beautifully sung,useless,Artist,Artist,Artist,Artist,Music,Music,Music
Super talented,useless,Artist,Artist,Artist,Artist,useless,useless,useless
Nostalgia ‡§ñ‡§∞‡§Ç‡§ö,useless,useless,useless,useless,useless,useless,useless,Artist
Love from IndiaüáÆüá≥,useless,useless,useless,useless,useless,useless,useless,useless
this song is very heart touching . So passionately sung .Really divine voice.expressing love to your voice from INDIA,Music,Music,Artist,Artist,Music,Music,Music,Music
Omggg!!  After 25 years!!!,useless,useless,useless,useless,useless,useless,useless,useless
Here in Aug 2023,useless,useless,useless,useless,useless,useless,useless,useless
Vibe hai yaar,useless,Music,Music,Music,Music,Artist,Artist,Artist
Instagram pe bohot viral hua hain yee song ....2024 mein vhi,Artist,Music,useless,useless,useless,useless,Music,useless
"Mein Bangladesh se hun...yea gana meri dil ki bohot karib ban gaiya bohoooooot khub surat or sukun milta hain yea gana sunk ,,dukh dardh sb bhula deti hy or sukun miti hain sunk",Music,Music,Music,Music,Music,Music,Music,Music
Nice  bro,Artist,Artist,useless,Music,useless,Music,useless,useless
Paaji love from punjab,useless,useless,Artist,Artist,useless,Artist,useless,useless
Very talented new age Pashto singer,Artist,Artist,Artist,Artist,Artist,Music,Music,useless
Abrar ji so sweet,useless,Artist,Artist,useless,Artist,useless,useless,useless
Fantastic lyrics and ofcourse the best voice beautifully expressed emotional song.,useless,Music,Music,Artist,Music,Music,Music,Music
Ye kabhi musically legend hua karta tha but ab yeh overrated ho chuka hai ghamand inka sar pe hai music se ziyada focus inka fashion pe rehta hai phir kese banega acha music,Music,useless,Artist,Artist,useless,useless,Music,useless
K.K and Ali Zafar has such an amazing voice,Artist,Artist,Artist,Artist,Artist,Music,Music,Music
Nicesong,useless,Music,Music,Music,Music,useless,Music,useless
This song has lot of memories with me,Artist,Music,useless,Music,Music,Music,Music,Music
Comeback karlo yr Ô∏è,useless,useless,Artist,Artist,useless,useless,useless,Artist
"CONTEXT: HE IS ONTO A LONG BREAK.THEREFORE, HE IS UPLOADING HIS OLD SONGS FOR US SO THAT WE DON'T MISS HIS CONSISTENCY.",Artist,useless,useless,Artist,Artist,Artist,Music,Artist
Tu aaya nhi kyu Ô∏è,Artist,useless,useless,useless,Artist,Artist,Artist,Artist
afsurda raha,useless,Music,useless,useless,useless,useless,useless,Music
"Those who love peace can check ARRahman's vande matram, this one is equally good.

Love from India.",useless,Artist,Music,Music,Music,Artist,useless,useless
THEY SLAYED BHAI,Artist,useless,Artist,Artist,useless,Artist,useless,useless
Whatttttt,useless,useless,useless,useless,useless,useless,useless,useless
"The finest music am listening , too good",Music,Music,Music,Music,Music,Artist,Music,Music
JJ47 is so underrated,useless,Artist,Artist,Artist,Artist,Artist,useless,useless
It is my one of the favorite song since 1 year,Artist,Music,Music,Music,Music,Music,Music,Music
Tumkahaormaikaha,useless,useless,useless,useless,useless,useless,useless,useless
"Taht is ,wht rap star called @bohemia",Music,Artist,useless,Artist,Artist,Artist,Artist,Artist
King bohima,Music,Artist,Artist,Artist,Artist,Artist,useless,Music
Mohabbat bhi nasibo walo ko milti hai toh m yahin khaunga Tum Kuch kaabil bano khash kar agar tum boys ho toh  life m jo bhi ho mehnat kabhi piche mat hato  padai karo mann laga k 12 class tak samjo Tum set feer 80% time h aap k passall the best,Music,useless,useless,useless,useless,useless,useless,useless
Anjum was sitting randomly aur socha ja hi raha hun inn ko rula kr jaata hun,Music,Artist,useless,useless,useless,Artist,useless,useless
UH LITERALLY NAILED IT,Artist,Artist,Artist,Artist,useless,useless,useless,useless
Legend,useless,useless,Artist,Artist,Artist,Artist,useless,useless
Nicely,useless,useless,useless,Music,useless,useless,useless,useless
"When I listen to this song, I remember the past seven years",Artist,useless,useless,Music,Music,Music,Music,Music
Bht pyara‚Ä¶Ô∏è,useless,useless,useless,Music,Music,useless,useless,useless
"its been one whole year i havent seen you yes i do stalk you on social media but i do not have guts to talk to you to come back i know  it wasnt a long relationship but i miss you. 3rd december i wont forget this date ever in my life you said na k"" hum saath rhy na rhy pr saath spend kea time hmesha  chray pr  smile le k aayga ' i miss you each day and i dont want to move on those memories with you are my favourite . you may have moved on you might be happy with someone else i wish you to be happy . listning to your favourite song makes me happy . Dunia bhot choti hai by any chance if you came across this message just want to say i still love you and will keep on loving you    your",useless,useless,useless,useless,useless,useless,Artist,useless
Nyc,useless,Music,useless,useless,Music,useless,useless,Artist
Most amazing track loved it the moment I heard and been listening since 2006,useless,Music,Music,Music,Music,Music,Music,Music
"This is superb song by Farhan saeed best composition, voice  n lyrics.",useless,Artist,Artist,Artist,Artist,Music,Music,Music
